1000001,1000001,1000001,1000001,1000001,1000001,1000001,1000001,1000001,1000001,1000001,1000001,1000001,1000001,1000001,1000001,1000001,1000001,1000001,1000001,1000001,1000001,1000001,1000001,1000001,1000001,1000001,1000001,1000001,1000001,1000001,1000001,1000001,1000001,1000001,1000001,1000001,1000001,1000001,1000001,1000001,1000001,1000001,1000001,1000001,1000001,1000001,1000001,1000001,1000001,1000001,1000001,1000001,1000001,1000001,1000001,1000001,1000001,1000001,1000001,1000001,1000001,1000001,1000001,1000001,1000001,1000001,1000001,1000001,1000001,1000001,1000001,1000001,1000001,1000001,1000001,1000001,1000001,1000001,1000001,1000001,1000001,1000001,1000001,1000001,1000001,1000001,1000001
1000001,1000001,1000001,1000001,1000001,1000001,1000001,1000001,1000001,1000001,1000001,1000001,1000001,1000001,1000001,1000001,1000001,1000001,1000001,1000001,1000001,1000001,1000001,1000001,1000001,1000001,1000001,1000001,1000001,1000001,1000001,1000001,1000001,1000001,1000001,1000001,1000001,1000001,1000001,1000001,1000001,1000001,1000001,1000001,1000001,1000001,1000001,1000001,1000001,1000001,1000001,1000001,1000001,1000001,1000001,1000001,1000001,1000001,1000001,1000001,1000001,1000001,1000001,1000001,1000001,1000001,1000001,1000001,1000001,1000001,1000001,1000001,1000001,1000001,1000001,1000001,1000001,1000001,1000001,1000001,1000001,1000001,1000001,1000001,1000001,1000001,1000001,1000001
1000001,1000001,1000001,1000001,1000001,1000001,1000001,1000001,1000001,1000001,1000001,1000001,1000001,1000001,1000001,1000001,1000001,1000001,1000001,1000001,1000001,1000001,1000001,1000001,1000001,1000001,1000001,1000001,1000001,1000001,1000001,1000001,1000001,1000001,1000001,1000001,1000001,1000001,1000001,1000001,1000001,1000001,1000001,1000001,1000001,1000001,1000001,1000001,1000001,1000001,1000001,1000001,1000001,1000001,1000001,1000001,1000001,1000001,1000001,1000001,1000001,1000001,1000001,1000001,1000001,1000001,1000001,1000001,1000001,1000001,1000001,1000001,1000001,1000001,1000001,1000001,1000001,1000001,1000001,1000001,1000001,1000001,1000001,1000001,1000001,1000001,1000001,1000001
1000001,1000001,1000001,1000001,1000001,1000001,1000001,1000001,1000001,1000001,1000001,1000001,1000001,1000001,1000001,1000001,1000001,1000001,1000001,1000001,1000001,1000001,1000001,1000001,1000001,1000001,1000001,1000001,1000001,1000001,1000001,1000001,1000001,1000001,1000001,1000001,1000001,1000001,1000001,1000001,1000001,1000001,1000001,1000001,1000001,1000001,1000001,1000001,1000001,1000001,1000001,1000001,1000001,1000001,1000001,1000001,1000001,1000001,1000001,1000001,1000001,1000001,1000001,1000001,1000001,1000001,1000001,1000001,1000001,1000001,1000001,1000001,1000001,1000001,1000001,1000001,1000001,1000001,1000001,1000001,1000001,1000001,1000001,1000001,1000001,1000001,1000001,1000001
1000001,1000001,1000001,1000001,1000001,1000001,1000001,1000001,1000001,1000001,1000001,1000001,1000001,1000001,1000001,1000001,1000001,1000001,1000001,1000001,1000001,1000001,1000001,1000001,1000001,1000001,1000001,1000001,1000001,1000001,1000001,1000001,1000001,1000001,1000001,1000001,1000001,1000001,1000001,1000001,1000001,1000001,1000001,1000001,1000001,1000001,1000001,1000001,1000001,1000001,1000001,1000001,1000001,1000001,1000001,1000001,1000001,1000001,1000001,1000001,1000001,1000001,1000001,1000001,1000001,1000001,1000001,1000001,1000001,1000001,1000001,1000001,1000001,1000001,1000001,1000001,1000001,1000001,1000001,1000001,1000001,1000001,1000001,1000001,1000001,1000001,1000001,1000001
1000001,1000001,1000001,1000001,1000001,1000001,1000001,1000001,1000001,1000001,1000001,1000001,1000001,1000001,1000001,1000001,1000001,1000001,1000001,1000001,1000001,1000001,1000001,1000001,1000001,1000001,1000001,1000001,1000001,1000001,1000001,1000001,1000001,1000001,1000001,1000001,1000001,1000001,1000001,1000001,1000001,1000001,1000001,1000001,1000001,1000001,1000001,1000001,1000001,1000001,1000001,1000001,1000001,1000001,1000001,1000001,1000001,1000001,1000001,1000001,1000001,1000001,1000001,1000001,1000001,1000001,1000001,1000001,1000001,1000001,1000001,1000001,1000001,1000001,1000001,1000001,1000001,1000001,1000001,1000001,1000001,1000001,1000001,1000001,1000001,1000001,1000001,1000001
1000001,1000001,1000001,1000001,1000001,1000001,1000001,1000001,1000001,1000001,1000001,1000001,1000001,1000001,1000001,1000001,1000001,1000001,1000001,1000001,1000001,1000001,1000001,1000001,1000001,1000001,1000001,1000001,1000001,1000001,1000001,1000001,1000001,1000001,1000001,1000001,1000001,1000001,1000001,1000001,1000001,1000001,1000001,1000001,1000001,1000001,1000001,1000001,1000001,1000001,1000001,1000001,1000001,1000001,1000001,1000001,1000001,1000001,1000001,1000001,1000001,1000001,1000001,1000001,1000001,1000001,1000001,1000001,1000001,1000001,1000001,1000001,1000001,1000001,1000001,1000001,1000001,1000001,1000001,1000001,1000001,1000001,1000001,1000001,1000001,1000001,1000001,1000001
1000001,1000001,1000001,1000001,1000001,1000001,1000001,1000001,1000001,1000001,1000001,1000001,1000001,1000001,1000001,1000001,1000001,1000001,1000001,1000001,1000001,1000001,1000001,1000001,1000001,1000001,1000001,1000001,1000001,1000001,1000001,1000001,1000001,1000001,1000001,1000001,1000001,1000001,1000001,1000001,1000001,1000001,1000001,1000001,1000001,1000001,1000001,1000001,1000001,1000001,1000001,1000001,1000001,1000001,1000001,1000001,1000001,1000001,1000001,1000001,1000001,1000001,1000001,1000001,1000001,1000001,1000001,1000001,1000001,1000001,1000001,1000001,1000001,1000001,1000001,1000001,1000001,1000001,1000001,1000001,1000001,1000001,1000001,1000001,1000001,1000001,1000001,1000001
1000001,1000001,1000001,1000001,1000001,1000001,1000001,1000001,1000001,1000001,1000001,1000001,1000001,1000001,1000001,1000001,1000001,1000001,1000001,1000001,1000001,1000001,1000001,1000001,1000001,1000001,1000001,1000001,1000001,1000001,1000001,1000001,1000001,1000001,1000001,1000001,1000001,1000001,1000001,1000001,1000001,1000001,1000001,1000001,1000001,1000001,1000001,1000001,1000001,1000001,1000001,1000001,1000001,1000001,1000001,1000001,1000001,1000001,1000001,1000001,1000001,1000001,1000001,1000001,1000001,1000001,1000001,1000001,1000001,1000001,1000001,1000001,1000001,1000001,1000001,1000001,1000001,1000001,1000001,1000001,1000001,1000001,1000001,1000001,1000001,1000001,1000001,1000001
1000001,1000001,1000001,1000001,1000001,1000001,1000001,1000001,1000001,1000001,1000001,1000001,1000001,1000001,1000001,1000001,1000001,1000001,1000001,1000001,1000001,1000001,1000001,1000001,1000001,1000001,1000001,1000001,1000001,1000001,1000001,1000001,1000001,1000001,1000001,1000001,1000001,1000001,1000001,1000001,1000001,1000001,1000001,1000001,1000001,1000001,1000001,1000001,1000001,1000001,1000001,1000001,1000001,1000001,1000001,1000001,1000001,1000001,1000001,1000001,1000001,1000001,1000001,1000001,1000001,1000001,1000001,1000001,1000001,1000001,1000001,1000001,1000001,1000001,1000001,1000001,1000001,1000001,1000001,1000001,1000001,1000001,1000001,1000001,1000001,1000001,1000001,1000001
1000001,1000001,1000001,1000001,1000001,1000001,1000001,1000001,1000001,1000001,1000001,1000001,1000001,1000001,1000001,1000001,1000001,1000001,1000001,1000001,1000001,1000001,1000001,1000001,1000001,1000001,1000001,1000001,1000001,1000001,1000001,1000001,1000001,1000001,1000001,1000001,1000001,1000001,1000001,1000001,1000001,1000001,1000001,1000001,1000001,1000001,1000001,1000001,1000001,1000001,1000001,1000001,1000001,1000001,1000001,1000001,1000001,1000001,1000001,1000001,1000001,1000001,1000001,1000001,1000001,1000001,1000001,1000001,1000001,1000001,1000001,1000001,1000001,1000001,1000001,1000001,1000001,1000001,1000001,1000001,1000001,1000001,1000001,1000001,1000001,1000001,1000001,1000001
1000001,1000001,1000001,1000001,1000001,1000001,1000001,1000001,1000001,1000001,1000001,1000001,1000001,1000001,1000001,1000001,1000001,1000001,1000001,1000001,1000001,1000001,1000001,1000001,1000001,1000001,1000001,1000001,1000001,1000001,1000001,1000001,1000001,1000001,1000001,1000001,1000001,1000001,1000001,1000001,1000001,1000001,1000001,1000001,1000001,1000001,1000001,1000001,1000001,1000001,1000001,1000001,1000001,1000001,1000001,1000001,1000001,1000001,1000001,1000001,1000001,1000001,1000001,1000001,1000001,1000001,1000001,1000001,1000001,1000001,1000001,1000001,1000001,1000001,1000001,1000001,1000001,1000001,1000001,1000001,1000001,1000001,1000001,1000001,1000001,1000001,1000001,1000001
1000001,1000001,1000001,1000001,1000001,1000001,1000001,1000001,1000001,1000001,1000001,1000001,1000001,1000001,1000001,1000001,1000001,1000001,1000001,1000001,1000001,1000001,1000001,1000001,1000001,1000001,1000001,1000001,1000001,1000001,1000001,1000001,1000001,1000001,1000001,1000001,1000001,1000001,1000001,1000001,1000001,1000001,1000001,1000001,1000001,1000001,1000001,1000001,1000001,1000001,1000001,1000001,1000001,1000001,1000001,1000001,1000001,1000001,1000001,1000001,1000001,1000001,1000001,1000001,1000001,1000001,1000001,1000001,1000001,1000001,1000001,1000001,1000001,1000001,1000001,1000001,1000001,1000001,1000001,1000001,1000001,1000001,1000001,1000001,1000001,1000001,1000001,1000001
1000001,1000001,1000001,1000001,1000001,1000001,1000001,1000001,1000001,1000001,1000001,1000001,1000001,1000001,1000001,1000001,1000001,1000001,1000001,1000001,1000001,1000001,1000001,1000001,1000001,1000001,1000001,1000001,1000001,1000001,1000001,1000001,1000001,1000001,1000001,1000001,1000001,1000001,1000001,1000001,1000001,1000001,1000001,1000001,1000001,1000001,1000001,1000001,1000001,1000001,1000001,1000001,1000001,1000001,1000001,1000001,1000001,1000001,1000001,1000001,1000001,1000001,1000001,1000001,1000001,1000001,1000001,1000001,1000001,1000001,1000001,1000001,1000001,1000001,1000001,1000001,1000001,1000001,1000001,1000001,1000001,1000001,1000001,1000001,1000001,1000001,1000001,1000001
1000001,1000001,1000001,1000001,1000001,1000001,1000001,1000001,1000001,1000001,1000001,1000001,1000001,1000001,1000001,1000001,1000001,1000001,1000001,1000001,1000001,1000001,1000001,1000001,1000001,1000001,1000001,1000001,1000001,1000001,1000001,1000001,1000001,1000001,1000001,1000001,1000001,1000001,1000001,1000001,1000001,1000001,1000001,1000001,1000001,1000001,1000001,1000001,1000001,1000001,1000001,1000001,1000001,1000001,1000001,1000001,1000001,1000001,1000001,1000001,1000001,1000001,1000001,1000001,1000001,1000001,1000001,1000001,1000001,1000001,1000001,1000001,1000001,1000001,1000001,1000001,1000001,1000001,1000001,1000001,1000001,1000001,1000001,1000001,1000001,1000001,1000001,1000001
1000001,1000001,1000001,1000001,1000001,1000001,1000001,1000001,1000001,1000001,1000001,1000001,1000001,1000001,1000001,1000001,1000001,1000001,1000001,1000001,1000001,1000001,1000001,1000001,1000001,1000001,1000001,1000001,1000001,1000001,1000001,1000001,1000001,1000001,1000001,1000001,1000001,1000001,1000001,1000001,1000001,1000001,1000001,1000001,1000001,1000001,1000001,1000001,1000001,1000001,1000001,1000001,1000001,1000001,1000001,1000001,1000001,1000001,1000001,1000001,1000001,1000001,1000001,1000001,1000001,1000001,1000001,1000001,1000001,1000001,1000001,1000001,1000001,1000001,1000001,1000001,1000001,1000001,1000001,1000001,1000001,1000001,1000001,1000001,1000001,1000001,1000001,1000001
1000001,1000001,1000001,1000001,1000001,1000001,1000001,1000001,1000001,1000001,1000001,1000001,1000001,1000001,1000001,1000001,1000001,1000001,1000001,1000001,1000001,1000001,1000001,1000001,1000001,1000001,1000001,1000001,1000001,1000001,1000001,1000001,1000001,1000001,1000001,1000001,1000001,1000001,1000001,1000001,1000001,1000001,1000001,1000001,1000001,1000001,1000001,1000001,1000001,1000001,1000001,1000001,1000001,1000001,1000001,1000001,1000001,1000001,1000001,1000001,1000001,1000001,1000001,1000001,1000001,1000001,1000001,1000001,1000001,1000001,1000001,1000001,1000001,1000001,1000001,1000001,1000001,1000001,1000001,1000001,1000001,1000001,1000001,1000001,1000001,1000001,1000001,1000001
1000001,1000001,1000001,1000001,1000001,1000001,1000001,1000001,1000001,1000001,1000001,1000001,1000001,1000001,1000001,1000001,1000001,1000001,1000001,1000001,1000001,1000001,1000001,1000001,1000001,1000001,1000001,1000001,1000001,1000001,1000001,1000001,1000001,1000001,1000001,1000001,1000001,1000001,1000001,1000001,1000001,1000001,1000001,1000001,1000001,1000001,1000001,1000001,1000001,1000001,1000001,1000001,1000001,1000001,1000001,1000001,1000001,1000001,1000001,1000001,1000001,1000001,1000001,1000001,1000001,1000001,1000001,1000001,1000001,1000001,1000001,1000001,1000001,1000001,1000001,1000001,1000001,1000001,1000001,1000001,1000001,1000001,1000001,1000001,1000001,1000001,1000001,1000001
1000001,1000001,1000001,1000001,1000001,1000001,1000001,1000001,1000001,1000001,1000001,1000001,1000001,1000001,1000001,1000001,1000001,1000001,1000001,1000001,1000001,1000001,1000001,1000001,1000001,1000001,1000001,1000001,1000001,1000001,1000001,1000001,1000001,1000001,1000001,1000001,1000001,1000001,1000001,1000001,1000001,1000001,1000001,1000001,1000001,1000001,1000001,1000001,1000001,1000001,1000001,1000001,1000001,1000001,1000001,1000001,1000001,1000001,1000001,1000001,1000001,1000001,1000001,1000001,1000001,1000001,1000001,1000001,1000001,1000001,1000001,1000001,1000001,1000001,1000001,1000001,1000001,1000001,1000001,1000001,1000001,1000001,1000001,1000001,1000001,1000001,1000001,1000001
1000001,1000001,1000001,1000001,1000001,1000001,1000001,1000001,1000001,1000001,1000001,1000001,1000001,1000001,1000001,1000001,1000001,1000001,1000001,1000001,1000001,1000001,1000001,1000001,1000001,1000001,1000001,1000001,1000001,1000001,1000001,1000001,1000001,1000001,1000001,1000001,1000001,1000001,1000001,1000001,1000001,1000001,1000001,1000001,1000001,1000001,1000001,1000001,1000001,1000001,1000001,1000001,1000001,1000001,1000001,1000001,1000001,1000001,1000001,1000001,1000001,1000001,1000001,1000001,1000001,1000001,1000001,1000001,1000001,1000001,1000001,1000001,1000001,1000001,1000001,1000001,1000001,1000001,1000001,1000001,1000001,1000001,1000001,1000001,1000001,1000001,1000001,1000001
1000001,1000001,1000001,1000001,1000001,1000001,1000001,1000001,1000001,1000001,1000001,1000001,1000001,1000001,1000001,1000001,1000001,1000001,1000001,1000001,1000001,1000001,1000001,1000001,1000001,1000001,1000001,1000001,1000001,1000001,1000001,1000001,1000001,1000001,1000001,1000001,1000001,1000001,1000001,1000001,1000001,1000001,1000001,1000001,1000001,1000001,1000001,1000001,1000001,1000001,1000001,1000001,1000001,1000001,1000001,1000001,1000001,1000001,1000001,1000001,1000001,1000001,1000001,1000001,1000001,1000001,1000001,1000001,1000001,1000001,1000001,1000001,1000001,1000001,1000001,1000001,1000001,1000001,1000001,1000001,1000001,1000001,1000001,1000001,1000001,1000001,1000001,1000001
1000001,1000001,1000001,1000001,1000001,1000001,1000001,1000001,1000001,1000001,1000001,1000001,1000001,1000001,1000001,1000001,1000001,1000001,1000001,1000001,1000001,1000001,1000001,1000001,1000001,1000001,1000001,1000001,1000001,1000001,1000001,1000001,1000001,1000001,1000001,1000001,1000001,1000001,1000001,1000001,1000001,1000001,1000001,1000001,1000001,1000001,1000001,1000001,1000001,1000001,1000001,1000001,1000001,1000001,1000001,1000001,1000001,1000001,1000001,1000001,1000001,1000001,1000001,1000001,1000001,1000001,1000001,1000001,1000001,1000001,1000001,1000001,1000001,1000001,1000001,1000001,1000001,1000001,1000001,1000001,1000001,1000001,1000001,1000001,1000001,1000001,1000001,1000001
1000001,1000001,1000001,1000001,1000001,1000001,1000001,1000001,1000001,1000001,1000001,1000001,1000001,1000001,1000001,1000001,1000001,1000001,1000001,1000001,1000001,1000001,1000001,1000001,1000001,1000001,1000001,1000001,1000001,1000001,1000001,1000001,1000001,1000001,1000001,1000001,1000001,1000001,1000001,1000001,1000001,1000001,1000001,1000001,1000001,1000001,1000001,1000001,1000001,1000001,1000001,1000001,1000001,1000001,1000001,1000001,1000001,1000001,1000001,1000001,1000001,1000001,1000001,1000001,1000001,1000001,1000001,1000001,1000001,1000001,1000001,1000001,1000001,1000001,1000001,1000001,1000001,1000001,1000001,1000001,1000001,1000001,1000001,1000001,1000001,1000001,1000001,1000001
1000001,1000001,1000001,1000001,1000001,1000001,1000001,1000001,1000001,1000001,1000001,1000001,1000001,1000001,1000001,1000001,1000001,1000001,1000001,1000001,1000001,1000001,1000001,1000001,1000001,1000001,1000001,1000001,1000001,1000001,1000001,1000001,1000001,1000001,1000001,1000001,1000001,1000001,1000001,1000001,1000001,1000001,1000001,1000001,1000001,1000001,1000001,1000001,1000001,1000001,1000001,1000001,1000001,1000001,1000001,1000001,1000001,1000001,1000001,1000001,1000001,1000001,1000001,1000001,1000001,1000001,1000001,1000001,1000001,1000001,1000001,1000001,1000001,1000001,1000001,1000001,1000001,1000001,1000001,1000001,1000001,1000001,1000001,1000001,1000001,1000001,1000001,1000001
1000001,1000001,1000001,1000001,1000001,1000001,1000001,1000001,1000001,1000001,1000001,1000001,1000001,1000001,1000001,1000001,1000001,1000001,1000001,1000001,1000001,1000001,1000001,1000001,1000001,1000001,1000001,1000001,1000001,1000001,1000001,1000001,1000001,1000001,1000001,1000001,1000001,1000001,1000001,1000001,1000001,1000001,1000001,1000001,1000001,1000001,1000001,1000001,1000001,1000001,1000001,1000001,1000001,1000001,1000001,1000001,1000001,1000001,1000001,1000001,1000001,1000001,1000001,1000001,1000001,1000001,1000001,1000001,1000001,1000001,1000001,1000001,1000001,1000001,1000001,1000001,1000001,1000001,1000001,1000001,1000001,1000001,1000001,1000001,1000001,1000001,1000001,1000001
1000001,1000001,1000001,1000001,1000001,1000001,1000001,1000001,1000001,1000001,1000001,1000001,1000001,1000001,1000001,1000001,1000001,1000001,1000001,1000001,1000001,1000001,1000001,1000001,1000001,1000001,1000001,1000001,1000002,1000002,1000002,1000002,1000002,1000002,1000002,1000002,1000002,1000002,1000002,1000002,1000002,1000002,1000002,1050001,1000002,1000002,1000002,1000002,1000002,1000002,1000002,1000002,1000002,1000002,1000002,1000002,1000002,1000002,1000002,1000002,1000001,1000001,1000001,1000001,1000001,1000001,1000001,1000001,1000001,1000001,1000001,1000001,1000001,1000001,1000001,1000001,1000001,1000001,1000001,1000001,1000001,1000001,1000001,1000001,1000001,1000001,1000001,1000001
1000001,1000001,1000001,1000001,1000001,1000001,1000001,1000001,1000001,1000001,1000001,1000001,1000001,1000001,1000001,1000001,1000001,1000001,1000001,1000001,1000001,1000001,1000001,1000001,1000001,1000001,1000001,1000001,1010001,1010001,1010001,1010001,1010001,1010001,1010001,1010001,1010001,1010001,1010001,1010001,1010001,1010001,1010001,1010001,1010001,1010001,1010001,1010001,1010001,1010001,1010001,1010001,1010001,1010001,1010001,1010001,1010001,1010001,1010001,1010001,1000001,1000001,1000001,1000001,1000001,1000001,1000001,1000001,1000001,1000001,1000001,1000001,1000001,1000001,1000001,1000001,1000001,1000001,1000001,1000001,1000001,1000001,1000001,1000001,1000001,1000001,1000001,1000001
1000001,1000001,1000001,1000001,1000001,1000001,1000001,1000001,1000001,1000001,1000001,1000001,1000001,1000001,1000001,1000001,1000001,1000001,1000001,1000001,1000001,1000001,1000001,1000001,1000001,1000001,1000001,1000001,1010001,1010001,1010001,1010001,1010001,1010001,1010001,1010001,1010001,1010001,1010001,1010001,1010001,1010001,1010001,1010001,1010001,1010001,1010001,1010001,1010001,1010001,1010001,1010001,1010001,1010001,1010001,1010001,1010001,1010001,1010001,1010001,1000001,1000001,1000001,1000001,1000001,1000001,1000001,1000001,1000001,1000001,1000001,1000001,1000001,1000001,1000001,1000001,1000001,1000001,1000001,1000001,1000001,1000001,1000001,1000001,1000001,1000001,1000001,1000001
1000001,1000001,1000001,1000001,1000001,1000001,1000001,1000001,1000001,1000001,1000001,1000001,1000001,1000001,1000001,1000001,1000001,1000001,1000001,1000001,1000001,1000001,1000001,1000001,1000001,1000001,1000001,1000001,1010001,1010001,1010001,1010001,1010001,1010001,1010001,1010001,1010001,1010001,1010001,1010001,1010001,1010001,1010001,1010001,1010001,1010001,1010001,1010001,1010001,1010001,1010001,1010001,1010001,1010001,1010001,1010001,1010001,1010001,1010001,1010001,1000001,1000001,1000001,1000001,1000001,1000001,1000001,1000001,1000001,1000001,1000001,1000001,1000001,1000001,1000001,1000001,1000001,1000001,1000001,1000001,1000001,1000001,1000001,1000001,1000001,1000001,1000001,1000001
1000001,1000001,1000001,1000001,1000001,1000001,1000001,1000001,1000001,1000001,1000001,1000001,1000001,1000001,1000001,1000001,1000001,1000001,1000001,1000001,1000001,1000001,1000001,1000001,1000001,1000001,1000001,1000001,1010001,1010001,1010001,1010001,1010001,1010001,1010001,1010001,1010001,1010001,1010001,1010001,1010001,1010001,1010001,1010001,1010001,1010001,1010001,1010001,1010001,1010001,1010001,1010001,1010001,1010001,1010001,1010001,1010001,1010001,1010001,1010001,1000001,1000001,1000001,1000001,1000001,1000001,1000001,1000001,1000001,1000001,1000001,1000001,1000001,1000001,1000001,1000001,1000001,1000001,1000001,1000001,1000001,1000001,1000001,1000001,1000001,1000001,1000001,1000001
1000001,1000001,1000001,1000001,1000001,1000001,1000001,1000001,1000001,1000001,1000001,1000001,1000001,1000001,1000001,1000001,1000001,1000001,1000001,1000001,1000001,1000001,1000001,1000001,1000001,1000001,1000001,1000001,1010001,1010001,1010001,1010001,1010001,1010001,1010001,1010001,1010001,1010001,1010001,1010001,1010001,1010001,1010001,1010001,1010001,1010001,1010001,1010001,1010001,1010001,1010001,1010001,1010001,1010001,1010001,1010001,1010001,1010001,1010001,1010001,1000001,1000001,1000001,1000001,1000001,1000001,1000001,1000001,1000001,1000001,1000001,1000001,1000001,1000001,1000001,1000001,1000001,1000001,1000001,1000001,1000001,1000001,1000001,1000001,1000001,1000001,1000001,1000001
1000001,1000001,1000001,1000001,1000001,1000001,1000001,1000001,1000001,1000001,1000001,1000001,1000001,1000001,1000001,1000001,1000001,1000001,1000001,1000001,1000001,1000001,1000001,1000001,1000001,1000001,1000001,1000001,1010001,1010001,1010001,1010001,1010001,1010001,1010001,1010001,1010001,1010001,1010001,1010001,1010001,1010001,1010001,1010001,1010001,1010001,1010001,1010001,1010001,1010001,1010001,1010001,1010001,1010001,1010001,1010001,1010001,1010001,1010001,1010001,1000001,1000001,1000001,1000001,1000001,1000001,1000001,1000001,1000001,1000001,1000001,1000001,1000001,1000001,1000001,1000001,1000001,1000001,1000001,1000001,1000001,1000001,1000001,1000001,1000001,1000001,1000001,1000001
1000001,1000001,1000001,1000001,1000001,1000001,1000001,1000001,1000001,1000001,1000001,1000001,1000001,1000001,1000001,1000001,1000001,1000001,1000001,1000001,1000001,1000001,1000001,1000001,1000001,1000001,1000001,1000001,1010001,1010001,1010001,1010001,1010001,1010001,1010001,1010001,1010001,1010001,1010001,1010001,1010001,1010001,1010001,1010001,1010001,1010001,1010001,1010001,1010001,1010001,1010001,1010001,1010001,1010001,1010001,1010001,1010001,1010001,1010001,1010001,1000001,1000001,1000001,1000001,1000001,1000001,1000001,1000001,1000001,1000001,1000001,1000001,1000001,1000001,1000001,1000001,1000001,1000001,1000001,1000001,1000001,1000001,1000001,1000001,1000001,1000001,1000001,1000001
1000001,1000001,1000001,1000001,1000001,1000001,1000001,1000001,1000001,1000001,1000001,1000001,1000001,1000001,1000001,1000001,1000001,1000001,1000001,1000001,1000001,1000001,1000001,1000001,1000001,1000001,1000001,1000001,1010001,1010001,1010001,1010001,1010001,1010001,1010001,1010001,1010001,1010001,1010001,1010001,1010001,1010001,1010001,1010001,1010001,1010001,1010001,1010001,1010001,1010001,1010001,1010001,1010001,1010001,1010001,1010001,1010001,1010001,1010001,1010001,1000001,1000001,1000001,1000001,1000001,1000001,1000001,1000001,1000001,1000001,1000001,1000001,1000001,1000001,1000001,1000001,1000001,1000001,1000001,1000001,1000001,1000001,1000001,1000001,1000001,1000001,1000001,1000001
1000001,1000001,1000001,1000001,1000001,1000001,1000001,1000001,1000001,1000001,1000001,1000001,1000001,1000001,1000001,1000001,1000001,1000001,1000001,1000001,1000001,1000001,1000001,1000001,1000001,1000001,1000001,1000001,1010001,1010001,1010001,1010001,1010001,1010001,1010001,1010001,1010001,1010001,1010001,1010001,1010001,1010001,1010001,1040001,1010001,1010001,1010001,1010001,1010001,1010001,1010001,1010001,1010001,1010001,1010001,1010001,1010001,1010001,1010001,1020006,1000001,1000001,1000001,1000001,1000001,1000001,1000001,1000001,1000001,1000001,1000001,1000001,1000001,1000001,1000001,1000001,1000001,1000001,1000001,1000001,1000001,1000001,1000001,1000001,1000001,1000001,1000001,1000001
1000001,1000001,1000001,1000001,1000001,1000001,1000001,1000001,1000001,1000001,1000001,1000001,1000001,1000001,1000001,1000001,1000001,1000001,1000001,1000001,1000001,1000001,1000001,1000001,1000001,1000001,1000001,1000001,1010001,1010001,1010001,1010001,1010001,1010001,1010001,1010001,1010001,1010001,1010001,1010001,1010001,1010001,1010001,1010001,1010001,1010001,1010001,1010001,1010001,1010001,1010001,1010001,1010001,1010001,1010001,1010001,1010001,1010001,1010001,1010001,1000001,1000001,1000001,1000001,1000001,1000001,1000001,1000001,1000001,1000001,1000001,1000001,1000001,1000001,1000001,1000001,1000001,1000001,1000001,1000001,1000001,1000001,1000001,1000001,1000001,1000001,1000001,1000001
1000001,1000001,1000001,1000001,1000001,1000001,1000001,1000001,1000001,1000001,1000001,1000001,1000001,1000001,1000001,1000001,1000001,1000001,1000001,1000001,1000001,1000001,1000001,1000001,1000001,1000001,1000001,1000001,1010001,1010001,1010001,1010001,1010001,1010001,1010001,1010001,1010001,1010001,1010001,1010001,1010001,1010001,1010001,1010001,1010001,1010001,1010001,1010001,1010001,1010001,1010001,1010001,1010001,1010001,1010001,1010001,1010001,1010001,1010001,1010001,1000001,1000001,1000001,1000001,1000001,1000001,1000001,1000001,1000001,1000001,1000001,1000001,1000001,1000001,1000001,1000001,1000001,1000001,1000001,1000001,1000001,1000001,1000001,1000001,1000001,1000001,1000001,1000001
1000001,1000001,1000001,1000001,1000001,1000001,1000001,1000001,1000001,1000001,1000001,1000001,1000001,1000001,1000001,1000001,1000001,1000001,1000001,1000001,1000001,1000001,1000001,1000001,1000001,1000001,1000001,1000001,1010001,1010001,1010001,1010001,1010001,1010001,1010001,1010001,1010001,1010001,1010001,1010001,1010001,1010001,1010001,1010001,1010001,1010001,1010001,1010001,1010001,1010001,1010001,1010001,1010001,1010001,1010001,1010001,1010001,1010001,1010001,1010001,1000001,1000001,1000001,1000001,1000001,1000001,1000001,1000001,1000001,1000001,1000001,1000001,1000001,1000001,1000001,1000001,1000001,1000001,1000001,1000001,1000001,1000001,1000001,1000001,1000001,1000001,1000001,1000001
1000001,1000001,1000001,1000001,1000001,1000001,1000001,1000001,1000001,1000001,1000001,1000001,1000001,1000001,1000001,1000001,1000001,1000001,1000001,1000001,1000001,1000001,1000001,1000001,1000001,1000001,1000001,1000001,1010001,1010001,1010001,1010001,1010001,1010001,1010001,1010001,1010001,1010001,1010001,1010001,1010001,1010001,1010001,1010001,1010001,1010001,1010001,1010001,1010001,1010001,1010001,1010001,1010001,1010001,1010001,1010001,1010001,1010001,1010001,1010001,1000001,1000001,1000001,1000001,1000001,1000001,1000001,1000001,1000001,1000001,1000001,1000001,1000001,1000001,1000001,1000001,1000001,1000001,1000001,1000001,1000001,1000001,1000001,1000001,1000001,1000001,1000001,1000001
1000001,1000001,1000001,1000001,1000001,1000001,1000001,1000001,1000001,1000001,1000001,1000001,1000001,1000001,1000001,1000001,1000001,1000001,1000001,1000001,1000001,1000001,1000001,1000001,1000001,1000001,1000001,1000001,1010001,1010001,1010001,1010001,1010001,1010001,1010001,1010001,1010001,1010001,1010001,1010001,1010001,1010001,1010001,1010001,1010001,1010001,1010001,1010001,1010001,1010001,1010001,1010001,1010001,1010001,1010001,1010001,1010001,1010001,1010001,1010001,1000001,1000001,1000001,1000001,1000001,1000001,1000001,1000001,1000001,1000001,1000001,1000001,1000001,1000001,1000001,1000001,1000001,1000001,1000001,1000001,1000001,1000001,1000001,1000001,1000001,1000001,1000001,1000001
1000001,1000001,1000001,1000001,1000001,1000001,1000001,1000001,1000001,1000001,1000001,1000001,1000001,1000001,1000001,1000001,1000001,1000001,1000001,1000001,1000001,1000001,1000001,1000001,1000001,1000001,1000001,1000001,1010001,1010001,1010001,1010001,1010001,1010001,1010001,1010001,1010001,1010001,1010001,1010001,1010001,1010001,1010001,1010001,1010001,1010001,1010001,1010001,1010001,1010001,1010001,1010001,1010001,1010001,1010001,1010001,1010001,1010001,1010001,1010001,1000001,1000001,1000001,1000001,1000001,1000001,1000001,1000001,1000001,1000001,1000001,1000001,1000001,1000001,1000001,1000001,1000001,1000001,1000001,1000001,1000001,1000001,1000001,1000001,1000001,1000001,1000001,1000001
1000001,1000001,1000001,1000001,1000001,1000001,1000001,1000001,1000001,1000001,1000001,1000001,1000001,1000001,1000001,1000001,1000001,1000001,1000001,1000001,1000001,1000001,1000001,1000001,1000001,1000001,1000001,1000001,1010001,1010001,1010001,1010001,1010001,1010001,1010001,1010001,1010001,1010001,1010001,1010001,1010001,1010001,1010001,1010001,1010001,1010001,1010001,1010001,1010001,1010001,1010001,1010001,1010001,1010001,1010001,1010001,1010001,1010001,1010001,1010001,1000001,1000001,1000001,1000001,1000001,1000001,1000001,1000001,1000001,1000001,1000001,1000001,1000001,1000001,1000001,1000001,1000001,1000001,1000001,1000001,1000001,1000001,1000001,1000001,1000001,1000001,1000001,1000001
1000001,1000001,1000001,1000001,1000001,1000001,1000001,1000001,1000001,1000001,1000001,1000001,1000001,1000001,1000001,1000001,1000001,1000001,1000001,1000001,1000001,1000001,1000001,1000001,1000001,1000001,1000001,1000001,1010001,1010001,1010001,1010001,1010001,1010001,1010001,1010001,1010001,1010001,1010001,1010001,1010001,1010001,1010001,1010001,1010001,1010001,1010001,1010001,1010001,1010001,1010001,1010001,1010001,1010001,1010001,1010001,1010001,1010001,1010001,1010001,1000001,1000001,1000001,1000001,1000001,1000001,1000001,1000001,1000001,1000001,1000001,1000001,1000001,1000001,1000001,1000001,1000001,1000001,1000001,1000001,1000001,1000001,1000001,1000001,1000001,1000001,1000001,1000001
1000001,1000001,1000001,1000001,1000001,1000001,1000001,1000001,1000001,1000001,1000001,1000001,1000001,1000001,1000001,1000001,1000001,1000001,1000001,1000001,1000001,1000001,1000001,1000001,1000001,1000001,1000001,1000001,1010001,1010001,1010001,1010001,1010001,1010001,1010001,1010001,1010001,1010001,1010001,1010001,1010001,1010001,1010001,1010001,1010001,1010001,1010001,1010001,1010001,1010001,1010001,1010001,1010001,1010001,1010001,1010001,1010001,1010001,1010001,1010001,1000001,1000001,1000001,1000001,1000001,1000001,1000001,1000001,1000001,1000001,1000001,1000001,1000001,1000001,1000001,1000001,1000001,1000001,1000001,1000001,1000001,1000001,1000001,1000001,1000001,1000001,1000001,1000001
1000001,1000001,1000001,1000001,1000001,1000001,1000001,1000001,1000001,1000001,1000001,1000001,1000001,1000001,1000001,1000001,1000001,1000001,1000001,1000001,1000001,1000001,1000001,1000001,1000001,1000001,1000001,1000001,1000001,1000001,1000001,1000001,1000001,1000001,1000001,1000001,1000001,1000001,1000001,1000001,1000001,1000001,1000001,1000001,1000001,1000001,1000001,1000001,1000001,1000001,1000001,1000001,1000001,1000001,1000001,1000001,1000001,1000001,1000001,1000001,1000001,1000001,1000001,1000001,1000001,1000001,1000001,1000001,1000001,1000001,1000001,1000001,1000001,1000001,1000001,1000001,1000001,1000001,1000001,1000001,1000001,1000001,1000001,1000001,1000001,1000001,1000001,1000001
1000001,1000001,1000001,1000001,1000001,1000001,1000001,1000001,1000001,1000001,1000001,1000001,1000001,1000001,1000001,1000001,1000001,1000001,1000001,1000001,1000001,1000001,1000001,1000001,1000001,1000001,1000001,1000001,1000001,1000001,1000001,1000001,1000001,1000001,1000001,1000001,1000001,1000001,1000001,1000001,1000001,1000001,1000001,1000001,1000001,1000001,1000001,1000001,1000001,1000001,1000001,1000001,1000001,1000001,1000001,1000001,1000001,1000001,1000001,1000001,1000001,1000001,1000001,1000001,1000001,1000001,1000001,1000001,1000001,1000001,1000001,1000001,1000001,1000001,1000001,1000001,1000001,1000001,1000001,1000001,1000001,1000001,1000001,1000001,1000001,1000001,1000001,1000001
1000001,1000001,1000001,1000001,1000001,1000001,1000001,1000001,1000001,1000001,1000001,1000001,1000001,1000001,1000001,1000001,1000001,1000001,1000001,1000001,1000001,1000001,1000001,1000001,1000001,1000001,1000001,1000001,1000001,1000001,1000001,1000001,1000001,1000001,1000001,1000001,1000001,1000001,1000001,1000001,1000001,1000001,1000001,1000001,1000001,1000001,1000001,1000001,1000001,1000001,1000001,1000001,1000001,1000001,1000001,1000001,1000001,1000001,1000001,1000001,1000001,1000001,1000001,1000001,1000001,1000001,1000001,1000001,1000001,1000001,1000001,1000001,1000001,1000001,1000001,1000001,1000001,1000001,1000001,1000001,1000001,1000001,1000001,1000001,1000001,1000001,1000001,1000001
1000001,1000001,1000001,1000001,1000001,1000001,1000001,1000001,1000001,1000001,1000001,1000001,1000001,1000001,1000001,1000001,1000001,1000001,1000001,1000001,1000001,1000001,1000001,1000001,1000001,1000001,1000001,1000001,1000001,1000001,1000001,1000001,1000001,1000001,1000001,1000001,1000001,1000001,1000001,1000001,1000001,1000001,1000001,1000001,1000001,1000001,1000001,1000001,1000001,1000001,1000001,1000001,1000001,1000001,1000001,1000001,1000001,1000001,1000001,1000001,1000001,1000001,1000001,1000001,1000001,1000001,1000001,1000001,1000001,1000001,1000001,1000001,1000001,1000001,1000001,1000001,1000001,1000001,1000001,1000001,1000001,1000001,1000001,1000001,1000001,1000001,1000001,1000001
1000001,1000001,1000001,1000001,1000001,1000001,1000001,1000001,1000001,1000001,1000001,1000001,1000001,1000001,1000001,1000001,1000001,1000001,1000001,1000001,1000001,1000001,1000001,1000001,1000001,1000001,1000001,1000001,1000001,1000001,1000001,1000001,1000001,1000001,1000001,1000001,1000001,1000001,1000001,1000001,1000001,1000001,1000001,1000001,1000001,1000001,1000001,1000001,1000001,1000001,1000001,1000001,1000001,1000001,1000001,1000001,1000001,1000001,1000001,1000001,1000001,1000001,1000001,1000001,1000001,1000001,1000001,1000001,1000001,1000001,1000001,1000001,1000001,1000001,1000001,1000001,1000001,1000001,1000001,1000001,1000001,1000001,1000001,1000001,1000001,1000001,1000001,1000001
1000001,1000001,1000001,1000001,1000001,1000001,1000001,1000001,1000001,1000001,1000001,1000001,1000001,1000001,1000001,1000001,1000001,1000001,1000001,1000001,1000001,1000001,1000001,1000001,1000001,1000001,1000001,1000001,1000001,1000001,1000001,1000001,1000001,1000001,1000001,1000001,1000001,1000001,1000001,1000001,1000001,1000001,1000001,1000001,1000001,1000001,1000001,1000001,1000001,1000001,1000001,1000001,1000001,1000001,1000001,1000001,1000001,1000001,1000001,1000001,1000001,1000001,1000001,1000001,1000001,1000001,1000001,1000001,1000001,1000001,1000001,1000001,1000001,1000001,1000001,1000001,1000001,1000001,1000001,1000001,1000001,1000001,1000001,1000001,1000001,1000001,1000001,1000001
1000001,1000001,1000001,1000001,1000001,1000001,1000001,1000001,1000001,1000001,1000001,1000001,1000001,1000001,1000001,1000001,1000001,1000001,1000001,1000001,1000001,1000001,1000001,1000001,1000001,1000001,1000001,1000001,1000001,1000001,1000001,1000001,1000001,1000001,1000001,1000001,1000001,1000001,1000001,1000001,1000001,1000001,1000001,1000001,1000001,1000001,1000001,1000001,1000001,1000001,1000001,1000001,1000001,1000001,1000001,1000001,1000001,1000001,1000001,1000001,1000001,1000001,1000001,1000001,1000001,1000001,1000001,1000001,1000001,1000001,1000001,1000001,1000001,1000001,1000001,1000001,1000001,1000001,1000001,1000001,1000001,1000001,1000001,1000001,1000001,1000001,1000001,1000001
1000001,1000001,1000001,1000001,1000001,1000001,1000001,1000001,1000001,1000001,1000001,1000001,1000001,1000001,1000001,1000001,1000001,1000001,1000001,1000001,1000001,1000001,1000001,1000001,1000001,1000001,1000001,1000001,1000001,1000001,1000001,1000001,1000001,1000001,1000001,1000001,1000001,1000001,1000001,1000001,1000001,1000001,1000001,1000001,1000001,1000001,1000001,1000001,1000001,1000001,1000001,1000001,1000001,1000001,1000001,1000001,1000001,1000001,1000001,1000001,1000001,1000001,1000001,1000001,1000001,1000001,1000001,1000001,1000001,1000001,1000001,1000001,1000001,1000001,1000001,1000001,1000001,1000001,1000001,1000001,1000001,1000001,1000001,1000001,1000001,1000001,1000001,1000001
1000001,1000001,1000001,1000001,1000001,1000001,1000001,1000001,1000001,1000001,1000001,1000001,1000001,1000001,1000001,1000001,1000001,1000001,1000001,1000001,1000001,1000001,1000001,1000001,1000001,1000001,1000001,1000001,1000001,1000001,1000001,1000001,1000001,1000001,1000001,1000001,1000001,1000001,1000001,1000001,1000001,1000001,1000001,1000001,1000001,1000001,1000001,1000001,1000001,1000001,1000001,1000001,1000001,1000001,1000001,1000001,1000001,1000001,1000001,1000001,1000001,1000001,1000001,1000001,1000001,1000001,1000001,1000001,1000001,1000001,1000001,1000001,1000001,1000001,1000001,1000001,1000001,1000001,1000001,1000001,1000001,1000001,1000001,1000001,1000001,1000001,1000001,1000001
1000001,1000001,1000001,1000001,1000001,1000001,1000001,1000001,1000001,1000001,1000001,1000001,1000001,1000001,1000001,1000001,1000001,1000001,1000001,1000001,1000001,1000001,1000001,1000001,1000001,1000001,1000001,1000001,1000001,1000001,1000001,1000001,1000001,1000001,1000001,1000001,1000001,1000001,1000001,1000001,1000001,1000001,1000001,1000001,1000001,1000001,1000001,1000001,1000001,1000001,1000001,1000001,1000001,1000001,1000001,1000001,1000001,1000001,1000001,1000001,1000001,1000001,1000001,1000001,1000001,1000001,1000001,1000001,1000001,1000001,1000001,1000001,1000001,1000001,1000001,1000001,1000001,1000001,1000001,1000001,1000001,1000001,1000001,1000001,1000001,1000001,1000001,1000001
1000001,1000001,1000001,1000001,1000001,1000001,1000001,1000001,1000001,1000001,1000001,1000001,1000001,1000001,1000001,1000001,1000001,1000001,1000001,1000001,1000001,1000001,1000001,1000001,1000001,1000001,1000001,1000001,1000001,1000001,1000001,1000001,1000001,1000001,1000001,1000001,1000001,1000001,1000001,1000001,1000001,1000001,1000001,1000001,1000001,1000001,1000001,1000001,1000001,1000001,1000001,1000001,1000001,1000001,1000001,1000001,1000001,1000001,1000001,1000001,1000001,1000001,1000001,1000001,1000001,1000001,1000001,1000001,1000001,1000001,1000001,1000001,1000001,1000001,1000001,1000001,1000001,1000001,1000001,1000001,1000001,1000001,1000001,1000001,1000001,1000001,1000001,1000001
1000001,1000001,1000001,1000001,1000001,1000001,1000001,1000001,1000001,1000001,1000001,1000001,1000001,1000001,1000001,1000001,1000001,1000001,1000001,1000001,1000001,1000001,1000001,1000001,1000001,1000001,1000001,1000001,1000001,1000001,1000001,1000001,1000001,1000001,1000001,1000001,1000001,1000001,1000001,1000001,1000001,1000001,1000001,1000001,1000001,1000001,1000001,1000001,1000001,1000001,1000001,1000001,1000001,1000001,1000001,1000001,1000001,1000001,1000001,1000001,1000001,1000001,1000001,1000001,1000001,1000001,1000001,1000001,1000001,1000001,1000001,1000001,1000001,1000001,1000001,1000001,1000001,1000001,1000001,1000001,1000001,1000001,1000001,1000001,1000001,1000001,1000001,1000001
1000001,1000001,1000001,1000001,1000001,1000001,1000001,1000001,1000001,1000001,1000001,1000001,1000001,1000001,1000001,1000001,1000001,1000001,1000001,1000001,1000001,1000001,1000001,1000001,1000001,1000001,1000001,1000001,1000001,1000001,1000001,1000001,1000001,1000001,1000001,1000001,1000001,1000001,1000001,1000001,1000001,1000001,1000001,1000001,1000001,1000001,1000001,1000001,1000001,1000001,1000001,1000001,1000001,1000001,1000001,1000001,1000001,1000001,1000001,1000001,1000001,1000001,1000001,1000001,1000001,1000001,1000001,1000001,1000001,1000001,1000001,1000001,1000001,1000001,1000001,1000001,1000001,1000001,1000001,1000001,1000001,1000001,1000001,1000001,1000001,1000001,1000001,1000001
1000001,1000001,1000001,1000001,1000001,1000001,1000001,1000001,1000001,1000001,1000001,1000001,1000001,1000001,1000001,1000001,1000001,1000001,1000001,1000001,1000001,1000001,1000001,1000001,1000001,1000001,1000001,1000001,1000001,1000001,1000001,1000001,1000001,1000001,1000001,1000001,1000001,1000001,1000001,1000001,1000001,1000001,1000001,1000001,1000001,1000001,1000001,1000001,1000001,1000001,1000001,1000001,1000001,1000001,1000001,1000001,1000001,1000001,1000001,1000001,1000001,1000001,1000001,1000001,1000001,1000001,1000001,1000001,1000001,1000001,1000001,1000001,1000001,1000001,1000001,1000001,1000001,1000001,1000001,1000001,1000001,1000001,1000001,1000001,1000001,1000001,1000001,1000001
1000001,1000001,1000001,1000001,1000001,1000001,1000001,1000001,1000001,1000001,1000001,1000001,1000001,1000001,1000001,1000001,1000001,1000001,1000001,1000001,1000001,1000001,1000001,1000001,1000001,1000001,1000001,1000001,1000001,1000001,1000001,1000001,1000001,1000001,1000001,1000001,1000001,1000001,1000001,1000001,1000001,1000001,1000001,1000001,1000001,1000001,1000001,1000001,1000001,1000001,1000001,1000001,1000001,1000001,1000001,1000001,1000001,1000001,1000001,1000001,1000001,1000001,1000001,1000001,1000001,1000001,1000001,1000001,1000001,1000001,1000001,1000001,1000001,1000001,1000001,1000001,1000001,1000001,1000001,1000001,1000001,1000001,1000001,1000001,1000001,1000001,1000001,1000001
1000001,1000001,1000001,1000001,1000001,1000001,1000001,1000001,1000001,1000001,1000001,1000001,1000001,1000001,1000001,1000001,1000001,1000001,1000001,1000001,1000001,1000001,1000001,1000001,1000001,1000001,1000001,1000001,1000001,1000001,1000001,1000001,1000001,1000001,1000001,1000001,1000001,1000001,1000001,1000001,1000001,1000001,1000001,1000001,1000001,1000001,1000001,1000001,1000001,1000001,1000001,1000001,1000001,1000001,1000001,1000001,1000001,1000001,1000001,1000001,1000001,1000001,1000001,1000001,1000001,1000001,1000001,1000001,1000001,1000001,1000001,1000001,1000001,1000001,1000001,1000001,1000001,1000001,1000001,1000001,1000001,1000001,1000001,1000001,1000001,1000001,1000001,1000001
1000001,1000001,1000001,1000001,1000001,1000001,1000001,1000001,1000001,1000001,1000001,1000001,1000001,1000001,1000001,1000001,1000001,1000001,1000001,1000001,1000001,1000001,1000001,1000001,1000001,1000001,1000001,1000001,1000001,1000001,1000001,1000001,1000001,1000001,1000001,1000001,1000001,1000001,1000001,1000001,1000001,1000001,1000001,1000001,1000001,1000001,1000001,1000001,1000001,1000001,1000001,1000001,1000001,1000001,1000001,1000001,1000001,1000001,1000001,1000001,1000001,1000001,1000001,1000001,1000001,1000001,1000001,1000001,1000001,1000001,1000001,1000001,1000001,1000001,1000001,1000001,1000001,1000001,1000001,1000001,1000001,1000001,1000001,1000001,1000001,1000001,1000001,1000001
1000001,1000001,1000001,1000001,1000001,1000001,1000001,1000001,1000001,1000001,1000001,1000001,1000001,1000001,1000001,1000001,1000001,1000001,1000001,1000001,1000001,1000001,1000001,1000001,1000001,1000001,1000001,1000001,1000001,1000001,1000001,1000001,1000001,1000001,1000001,1000001,1000001,1000001,1000001,1000001,1000001,1000001,1000001,1000001,1000001,1000001,1000001,1000001,1000001,1000001,1000001,1000001,1000001,1000001,1000001,1000001,1000001,1000001,1000001,1000001,1000001,1000001,1000001,1000001,1000001,1000001,1000001,1000001,1000001,1000001,1000001,1000001,1000001,1000001,1000001,1000001,1000001,1000001,1000001,1000001,1000001,1000001,1000001,1000001,1000001,1000001,1000001,1000001
1000001,1000001,1000001,1000001,1000001,1000001,1000001,1000001,1000001,1000001,1000001,1000001,1000001,1000001,1000001,1000001,1000001,1000001,1000001,1000001,1000001,1000001,1000001,1000001,1000001,1000001,1000001,1000001,1000001,1000001,1000001,1000001,1000001,1000001,1000001,1000001,1000001,1000001,1000001,1000001,1000001,1000001,1000001,1000001,1000001,1000001,1000001,1000001,1000001,1000001,1000001,1000001,1000001,1000001,1000001,1000001,1000001,1000001,1000001,1000001,1000001,1000001,1000001,1000001,1000001,1000001,1000001,1000001,1000001,1000001,1000001,1000001,1000001,1000001,1000001,1000001,1000001,1000001,1000001,1000001,1000001,1000001,1000001,1000001,1000001,1000001,1000001,1000001
1000001,1000001,1000001,1000001,1000001,1000001,1000001,1000001,1000001,1000001,1000001,1000001,1000001,1000001,1000001,1000001,1000001,1000001,1000001,1000001,1000001,1000001,1000001,1000001,1000001,1000001,1000001,1000001,1000001,1000001,1000001,1000001,1000001,1000001,1000001,1000001,1000001,1000001,1000001,1000001,1000001,1000001,1000001,1000001,1000001,1000001,1000001,1000001,1000001,1000001,1000001,1000001,1000001,1000001,1000001,1000001,1000001,1000001,1000001,1000001,1000001,1000001,1000001,1000001,1000001,1000001,1000001,1000001,1000001,1000001,1000001,1000001,1000001,1000001,1000001,1000001,1000001,1000001,1000001,1000001,1000001,1000001,1000001,1000001,1000001,1000001,1000001,1000001
1000001,1000001,1000001,1000001,1000001,1000001,1000001,1000001,1000001,1000001,1000001,1000001,1000001,1000001,1000001,1000001,1000001,1000001,1000001,1000001,1000001,1000001,1000001,1000001,1000001,1000001,1000001,1000001,1000001,1000001,1000001,1000001,1000001,1000001,1000001,1000001,1000001,1000001,1000001,1000001,1000001,1000001,1000001,1000001,1000001,1000001,1000001,1000001,1000001,1000001,1000001,1000001,1000001,1000001,1000001,1000001,1000001,1000001,1000001,1000001,1000001,1000001,1000001,1000001,1000001,1000001,1000001,1000001,1000001,1000001,1000001,1000001,1000001,1000001,1000001,1000001,1000001,1000001,1000001,1000001,1000001,1000001,1000001,1000001,1000001,1000001,1000001,1000001
1000001,1000001,1000001,1000001,1000001,1000001,1000001,1000001,1000001,1000001,1000001,1000001,1000001,1000001,1000001,1000001,1000001,1000001,1000001,1000001,1000001,1000001,1000001,1000001,1000001,1000001,1000001,1000001,1000001,1000001,1000001,1000001,1000001,1000001,1000001,1000001,1000001,1000001,1000001,1000001,1000001,1000001,1000001,1000001,1000001,1000001,1000001,1000001,1000001,1000001,1000001,1000001,1000001,1000001,1000001,1000001,1000001,1000001,1000001,1000001,1000001,1000001,1000001,1000001,1000001,1000001,1000001,1000001,1000001,1000001,1000001,1000001,1000001,1000001,1000001,1000001,1000001,1000001,1000001,1000001,1000001,1000001,1000001,1000001,1000001,1000001,1000001,1000001
1000001,1000001,1000001,1000001,1000001,1000001,1000001,1000001,1000001,1000001,1000001,1000001,1000001,1000001,1000001,1000001,1000001,1000001,1000001,1000001,1000001,1000001,1000001,1000001,1000001,1000001,1000001,1000001,1000001,1000001,1000001,1000001,1000001,1000001,1000001,1000001,1000001,1000001,1000001,1000001,1000001,1000001,1000001,1000001,1000001,1000001,1000001,1000001,1000001,1000001,1000001,1000001,1000001,1000001,1000001,1000001,1000001,1000001,1000001,1000001,1000001,1000001,1000001,1000001,1000001,1000001,1000001,1000001,1000001,1000001,1000001,1000001,1000001,1000001,1000001,1000001,1000001,1000001,1000001,1000001,1000001,1000001,1000001,1000001,1000001,1000001,1000001,1000001
1000001,1000001,1000001,1000001,1000001,1000001,1000001,1000001,1000001,1000001,1000001,1000001,1000001,1000001,1000001,1000001,1000001,1000001,1000001,1000001,1000001,1000001,1000001,1000001,1000001,1000001,1000001,1000001,1000001,1000001,1000001,1000001,1000001,1000001,1000001,1000001,1000001,1000001,1000001,1000001,1000001,1000001,1000001,1000001,1000001,1000001,1000001,1000001,1000001,1000001,1000001,1000001,1000001,1000001,1000001,1000001,1000001,1000001,1000001,1000001,1000001,1000001,1000001,1000001,1000001,1000001,1000001,1000001,1000001,1000001,1000001,1000001,1000001,1000001,1000001,1000001,1000001,1000001,1000001,1000001,1000001,1000001,1000001,1000001,1000001,1000001,1000001,1000001
1000001,1000001,1000001,1000001,1000001,1000001,1000001,1000001,1000001,1000001,1000001,1000001,1000001,1000001,1000001,1000001,1000001,1000001,1000001,1000001,1000001,1000001,1000001,1000001,1000001,1000001,1000001,1000001,1000001,1000001,1000001,1000001,1000001,1000001,1000001,1000001,1000001,1000001,1000001,1000001,1000001,1000001,1000001,1000001,1000001,1000001,1000001,1000001,1000001,1000001,1000001,1000001,1000001,1000001,1000001,1000001,1000001,1000001,1000001,1000001,1000001,1000001,1000001,1000001,1000001,1000001,1000001,1000001,1000001,1000001,1000001,1000001,1000001,1000001,1000001,1000001,1000001,1000001,1000001,1000001,1000001,1000001,1000001,1000001,1000001,1000001,1000001,1000001
1000001,1000001,1000001,1000001,1000001,1000001,1000001,1000001,1000001,1000001,1000001,1000001,1000001,1000001,1000001,1000001,1000001,1000001,1000001,1000001,1000001,1000001,1000001,1000001,1000001,1000001,1000001,1000001,1000001,1000001,1000001,1000001,1000001,1000001,1000001,1000001,1000001,1000001,1000001,1000001,1000001,1000001,1000001,1000001,1000001,1000001,1000001,1000001,1000001,1000001,1000001,1000001,1000001,1000001,1000001,1000001,1000001,1000001,1000001,1000001,1000001,1000001,1000001,1000001,1000001,1000001,1000001,1000001,1000001,1000001,1000001,1000001,1000001,1000001,1000001,1000001,1000001,1000001,1000001,1000001,1000001,1000001,1000001,1000001,1000001,1000001,1000001,1000001
1000001,1000001,1000001,1000001,1000001,1000001,1000001,1000001,1000001,1000001,1000001,1000001,1000001,1000001,1000001,1000001,1000001,1000001,1000001,1000001,1000001,1000001,1000001,1000001,1000001,1000001,1000001,1000001,1000001,1000001,1000001,1000001,1000001,1000001,1000001,1000001,1000001,1000001,1000001,1000001,1000001,1000001,1000001,1000001,1000001,1000001,1000001,1000001,1000001,1000001,1000001,1000001,1000001,1000001,1000001,1000001,1000001,1000001,1000001,1000001,1000001,1000001,1000001,1000001,1000001,1000001,1000001,1000001,1000001,1000001,1000001,1000001,1000001,1000001,1000001,1000001,1000001,1000001,1000001,1000001,1000001,1000001,1000001,1000001,1000001,1000001,1000001,1000001
1000001,1000001,1000001,1000001,1000001,1000001,1000001,1000001,1000001,1000001,1000001,1000001,1000001,1000001,1000001,1000001,1000001,1000001,1000001,1000001,1000001,1000001,1000001,1000001,1000001,1000001,1000001,1000001,1000001,1000001,1000001,1000001,1000001,1000001,1000001,1000001,1000001,1000001,1000001,1000001,1000001,1000001,1000001,1000001,1000001,1000001,1000001,1000001,1000001,1000001,1000001,1000001,1000001,1000001,1000001,1000001,1000001,1000001,1000001,1000001,1000001,1000001,1000001,1000001,1000001,1000001,1000001,1000001,1000001,1000001,1000001,1000001,1000001,1000001,1000001,1000001,1000001,1000001,1000001,1000001,1000001,1000001,1000001,1000001,1000001,1000001,1000001,1000001
1000001,1000001,1000001,1000001,1000001,1000001,1000001,1000001,1000001,1000001,1000001,1000001,1000001,1000001,1000001,1000001,1000001,1000001,1000001,1000001,1000001,1000001,1000001,1000001,1000001,1000001,1000001,1000001,1000001,1000001,1000001,1000001,1000001,1000001,1000001,1000001,1000001,1000001,1000001,1000001,1000001,1000001,1000001,1000001,1000001,1000001,1000001,1000001,1000001,1000001,1000001,1000001,1000001,1000001,1000001,1000001,1000001,1000001,1000001,1000001,1000001,1000001,1000001,1000001,1000001,1000001,1000001,1000001,1000001,1000001,1000001,1000001,1000001,1000001,1000001,1000001,1000001,1000001,1000001,1000001,1000001,1000001,1000001,1000001,1000001,1000001,1000001,1000001
1000001,1000001,1000001,1000001,1000001,1000001,1000001,1000001,1000001,1000001,1000001,1000001,1000001,1000001,1000001,1000001,1000001,1000001,1000001,1000001,1000001,1000001,1000001,1000001,1000001,1000001,1000001,1000001,1000001,1000001,1000001,1000001,1000001,1000001,1000001,1000001,1000001,1000001,1000001,1000001,1000001,1000001,1000001,1000001,1000001,1000001,1000001,1000001,1000001,1000001,1000001,1000001,1000001,1000001,1000001,1000001,1000001,1000001,1000001,1000001,1000001,1000001,1000001,1000001,1000001,1000001,1000001,1000001,1000001,1000001,1000001,1000001,1000001,1000001,1000001,1000001,1000001,1000001,1000001,1000001,1000001,1000001,1000001,1000001,1000001,1000001,1000001,1000001
1000001,1000001,1000001,1000001,1000001,1000001,1000001,1000001,1000001,1000001,1000001,1000001,1000001,1000001,1000001,1000001,1000001,1000001,1000001,1000001,1000001,1000001,1000001,1000001,1000001,1000001,1000001,1000001,1000001,1000001,1000001,1000001,1000001,1000001,1000001,1000001,1000001,1000001,1000001,1000001,1000001,1000001,1000001,1000001,1000001,1000001,1000001,1000001,1000001,1000001,1000001,1000001,1000001,1000001,1000001,1000001,1000001,1000001,1000001,1000001,1000001,1000001,1000001,1000001,1000001,1000001,1000001,1000001,1000001,1000001,1000001,1000001,1000001,1000001,1000001,1000001,1000001,1000001,1000001,1000001,1000001,1000001,1000001,1000001,1000001,1000001,1000001,1000001
1000001,1000001,1000001,1000001,1000001,1000001,1000001,1000001,1000001,1000001,1000001,1000001,1000001,1000001,1000001,1000001,1000001,1000001,1000001,1000001,1000001,1000001,1000001,1000001,1000001,1000001,1000001,1000001,1000001,1000001,1000001,1000001,1000001,1000001,1000001,1000001,1000001,1000001,1000001,1000001,1000001,1000001,1000001,1000001,1000001,1000001,1000001,1000001,1000001,1000001,1000001,1000001,1000001,1000001,1000001,1000001,1000001,1000001,1000001,1000001,1000001,1000001,1000001,1000001,1000001,1000001,1000001,1000001,1000001,1000001,1000001,1000001,1000001,1000001,1000001,1000001,1000001,1000001,1000001,1000001,1000001,1000001,1000001,1000001,1000001,1000001,1000001,1000001
1000001,1000001,1000001,1000001,1000001,1000001,1000001,1000001,1000001,1000001,1000001,1000001,1000001,1000001,1000001,1000001,1000001,1000001,1000001,1000001,1000001,1000001,1000001,1000001,1000001,1000001,1000001,1000001,1000001,1000001,1000001,1000001,1000001,1000001,1000001,1000001,1000001,1000001,1000001,1000001,1000001,1000001,1000001,1000001,1000001,1000001,1000001,1000001,1000001,1000001,1000001,1000001,1000001,1000001,1000001,1000001,1000001,1000001,1000001,1000001,1000001,1000001,1000001,1000001,1000001,1000001,1000001,1000001,1000001,1000001,1000001,1000001,1000001,1000001,1000001,1000001,1000001,1000001,1000001,1000001,1000001,1000001,1000001,1000001,1000001,1000001,1000001,1000001